[{"OID":"16932891","AID":"20207-9802308","CreateTime":"20241114 120618806","TDate":"20241114","TT":"0","OT":"0","BS":"B","StockID":"2606","Qoriginal":"1000","Price":"59.1","PriceType":"0","OrderNo":"oI982","Qcurrent":"0","Qnext":"0","Qmatched":"0","MatchPrice":"","ConfirmTime":"20241114 120618806","Code":"","State":"99","CodeMsg":"","StateMsg":"已刪除","Source":"e01API(XQ)","Closed":"N","IsPreOrder":"N","PayType":"","AvgPrice":"0","UpdateTime":"20241114 120624583","CanCancel":"N","CanModify":"N","LastStatus":"21","PromoteBroker":"","Currency":"TWD","Cond":"R","CanHigh":"N"},{"OID":"16932357","AID":"20207-9802308","CreateTime":"20241114 120534135","TDate":"20241114","TT":"0","OT":"0","BS":"B","StockID":"2606","Qoriginal":"4000","Price":"58.8","PriceType":"0","OrderNo":"16932357","Qcurrent":"4000","Qnext":"4000","Qmatched":"0","MatchPrice":"","ConfirmTime":"20241114 120534135","Code":"-8000","State":"96","CodeMsg":"電子累計額度超限。請至APP調額專區申請或洽所屬營業員[4385206]","StateMsg":"委託失敗","Source":"e01API(XQ)","Closed":"N","IsPreOrder":"N","PayType":"","AvgPrice":"0","UpdateTime":"20241114 120534135","CanCancel":"N","CanModify":"N","LastStatus":"11","PromoteBroker":"","Currency":"TWD","Cond":"R","CanHigh":"N"},{"OID":"16928820","AID":"20207-9802308","CreateTime":"20241114 120032125","TDate":"20241114","TT":"0","OT":"2","BS":"S","StockID":"5534","Qoriginal":"3000","Price":"82.7","PriceType":"0","OrderNo":"oI736","Qcurrent":"3000","Qnext":"3000","Qmatched":"0","MatchPrice":"","ConfirmTime":"20241114 120032125","Code":"","State":"30","CodeMsg":"","StateMsg":"委託成功","Source":"e01API(XQ)","Closed":"N","IsPreOrder":"N","PayType":"","AvgPrice":"0","UpdateTime":"20241114 120032125","CanCancel":"Y","CanModify":"Y","LastStatus":"11","PromoteBroker":"","Currency":"TWD","Cond":"R","CanHigh":"Y"},{"OID":"16924005","AID":"20207-9802308","CreateTime":"20241114 115308616","TDate":"20241114","TT":"0","OT":"1","BS":"B","StockID":"2606","Qoriginal":"5000","Price":"59.2","PriceType":"0","OrderNo":"oI468","Qcurrent":"0","Qnext":"0","Qmatched":"0","MatchPrice":"","ConfirmTime":"20241114 115308616","Code":"","State":"99","CodeMsg":"","StateMsg":"已刪除","Source":"e01API(XQ)","Closed":"N","IsPreOrder":"N","PayType":"","AvgPrice":"0","UpdateTime":"20241114 120624659","CanCancel":"N","CanModify":"N","LastStatus":"21","PromoteBroker":"","Currency":"TWD","Cond":"R","CanHigh":"N"},{"OID":"16923490","AID":"20207-9802308","CreateTime":"20241114 115218801","TDate":"20241114","TT":"0","OT":"1","BS":"B","StockID":"2606","Qoriginal":"5000","Price":"58.9","PriceType":"0","OrderNo":"oI434","Qcurrent":"0","Qnext":"0","Qmatched":"0","MatchPrice":"","ConfirmTime":"20241114 115218801","Code":"","State":"99","CodeMsg":"","StateMsg":"已刪除","Source":"e01API(XQ)","Closed":"N","IsPreOrder":"N","PayType":"","AvgPrice":"0","UpdateTime":"20241114 115228235","CanCancel":"N","CanModify":"N","LastStatus":"21","PromoteBroker":"","Currency":"TWD","Cond":"R","CanHigh":"N"},{"OID":"16922456","AID":"20207-9802308","CreateTime":"20241114 115046018","TDate":"20241114","TT":"0","OT":"1","BS":"B","StockID":"2606","Qoriginal":"2000","Price":"60.3","PriceType":"0","OrderNo":"oI362","Qcurrent":"2000","Qnext":"2000","Qmatched":"2000","MatchPrice":"","ConfirmTime":"20241114 115046018","Code":"","State":"98","CodeMsg":"","StateMsg":"完全成交","Source":"e01API(XQ)","Closed":"N","IsPreOrder":"N","PayType":"","AvgPrice":"60.3","UpdateTime":"20241114 115200473","CanCancel":"N","CanModify":"N","LastStatus":"42","PromoteBroker":"","Currency":"TWD","Cond":"R","CanHigh":"N"},{"OID":"16920731","AID":"20207-9802308","CreateTime":"20241114 114753149","TDate":"20241114","TT":"0","OT":"1","BS":"B","StockID":"2606","Qoriginal":"5000","Price":"59.6","PriceType":"0","OrderNo":"oI251","Qcurrent":"0","Qnext":"0","Qmatched":"0","MatchPrice":"","ConfirmTime":"20241114 114753149","Code":"","State":"99","CodeMsg":"","StateMsg":"已刪除","Source":"e01API(XQ)","Closed":"N","IsPreOrder":"N","PayType":"","AvgPrice":"0","UpdateTime":"20241114 114809855","CanCancel":"N","CanModify":"N","LastStatus":"21","PromoteBroker":"","Currency":"TWD","Cond":"R","CanHigh":"N"},{"OID":"16906801","AID":"20207-9802308","CreateTime":"20241114 112915261","TDate":"20241114","TT":"0","OT":"2","BS":"S","StockID":"2606","Qoriginal":"1000","Price":"53.6","PriceType":"0","OrderNo":"oH430","Qcurrent":"1000","Qnext":"1000","Qmatched":"1000","MatchPrice":"","ConfirmTime":"20241114 112915261","Code":"","State":"98","CodeMsg":"","StateMsg":"完全成交","Source":"e01API","Closed":"N","IsPreOrder":"N","PayType":"","AvgPrice":"60.4","UpdateTime":"20241114 112915261","CanCancel":"N","CanModify":"N","LastStatus":"42","PromoteBroker":"","Currency":"TWD","Cond":"R","CanHigh":"N"},{"OID":"16906593","AID":"20207-9802308","CreateTime":"20241114 112858767","TDate":"20241114","TT":"0","OT":"2","BS":"S","StockID":"2606","Qoriginal":"1000","Price":"65.4","PriceType":"0","OrderNo":"oH413","Qcurrent":"0","Qnext":"0","Qmatched":"0","MatchPrice":"","ConfirmTime":"20241114 112858767","Code":"","State":"99","CodeMsg":"","StateMsg":"已刪除","Source":"e01API","Closed":"N","IsPreOrder":"N","PayType":"","AvgPrice":"0","UpdateTime":"20241114 112912527","CanCancel":"N","CanModify":"N","LastStatus":"21","PromoteBroker":"","Currency":"TWD","Cond":"R","CanHigh":"N"},{"OID":"16905584","AID":"20207-9802308","CreateTime":"20241114 112738491","TDate":"20241114","TT":"0","OT":"1","BS":"B","StockID":"2606","Qoriginal":"1000","Price":"60.5","PriceType":"0","OrderNo":"oH356","Qcurrent":"1000","Qnext":"1000","Qmatched":"1000","MatchPrice":"","ConfirmTime":"20241114 112738491","Code":"","State":"98","CodeMsg":"","StateMsg":"完全成交","Source":"e01API(XQ)","Closed":"N","IsPreOrder":"N","PayType":"","AvgPrice":"60.5","UpdateTime":"20241114 112738491","CanCancel":"N","CanModify":"N","LastStatus":"42","PromoteBroker":"","Currency":"TWD","Cond":"R","CanHigh":"N"},{"OID":"16843742","AID":"20207-9802308","CreateTime":"20241114 102342500","TDate":"20241114","TT":"0","OT":"2","BS":"S","StockID":"2606","Qoriginal":"1000","Price":"60.1","PriceType":"0","OrderNo":"oD280","Qcurrent":"1000","Qnext":"1000","Qmatched":"1000","MatchPrice":"","ConfirmTime":"20241114 102342500","Code":"","State":"98","CodeMsg":"","StateMsg":"完全成交","Source":"e01API(XQ)","Closed":"N","IsPreOrder":"N","PayType":"","AvgPrice":"60.1","UpdateTime":"20241114 103338439","CanCancel":"N","CanModify":"N","LastStatus":"42","PromoteBroker":"","Currency":"TWD","Cond":"R","CanHigh":"N"},{"OID":"16805985","AID":"20207-9802308","CreateTime":"20241114 095405788","TDate":"20241114","TT":"0","OT":"1","BS":"S","StockID":"2606","Qoriginal":"1000","Price":"0","PriceType":"4","OrderNo":"16805985","Qcurrent":"1000","Qnext":"1000","Qmatched":"0","MatchPrice":"","ConfirmTime":"20241114 095405788","Code":"-8000","State":"96","CodeMsg":"融資庫存不足(後檯)[4385049]","StateMsg":"委託失敗","Source":"e01API","Closed":"N","IsPreOrder":"N","PayType":"","AvgPrice":"0","UpdateTime":"20241114 095405788","CanCancel":"N","CanModify":"N","LastStatus":"11","PromoteBroker":"","Currency":"TWD","Cond":"R","CanHigh":"N"},{"OID":"16805639","AID":"20207-9802308","CreateTime":"20241114 095349065","TDate":"20241114","TT":"0","OT":"1","BS":"S","StockID":"2606","Qoriginal":"1000","Price":"65.4","PriceType":"0","OrderNo":"16805639","Qcurrent":"1000","Qnext":"1000","Qmatched":"0","MatchPrice":"","ConfirmTime":"20241114 095349065","Code":"-8000","State":"96","CodeMsg":"融資庫存不足(後檯)[4385049]","StateMsg":"委託失敗","Source":"e01API","Closed":"N","IsPreOrder":"N","PayType":"","AvgPrice":"0","UpdateTime":"20241114 095349065","CanCancel":"N","CanModify":"N","LastStatus":"11","PromoteBroker":"","Currency":"TWD","Cond":"R","CanHigh":"N"},{"OID":"16805442","AID":"20207-9802308","CreateTime":"20241114 095340812","TDate":"20241114","TT":"0","OT":"1","BS":"S","StockID":"2606","Qoriginal":"1000","Price":"65.4","PriceType":"0","OrderNo":"16805442","Qcurrent":"1000","Qnext":"1000","Qmatched":"0","MatchPrice":"","ConfirmTime":"20241114 095340812","Code":"-8000","State":"96","CodeMsg":"融資庫存不足(後檯)[4385049]","StateMsg":"委託失敗","Source":"e01API","Closed":"N","IsPreOrder":"N","PayType":"","AvgPrice":"0","UpdateTime":"20241114 095340812","CanCancel":"N","CanModify":"N","LastStatus":"11","PromoteBroker":"","Currency":"TWD","Cond":"R","CanHigh":"N"},{"OID":"16796596","AID":"20207-9802308","CreateTime":"20241114 094745382","TDate":"20241114","TT":"0","OT":"1","BS":"S","StockID":"2606","Qoriginal":"1000","Price":"65.4","PriceType":"0","OrderNo":"16796596","Qcurrent":"1000","Qnext":"1000","Qmatched":"0","MatchPrice":"","ConfirmTime":"20241114 094745382","Code":"-8000","State":"96","CodeMsg":"融資庫存不足(後檯)[4385049]","StateMsg":"委託失敗","Source":"e01API","Closed":"N","IsPreOrder":"N","PayType":"","AvgPrice":"0","UpdateTime":"20241114 094745382","CanCancel":"N","CanModify":"N","LastStatus":"11","PromoteBroker":"","Currency":"TWD","Cond":"R","CanHigh":"N"},{"OID":"16796467","AID":"20207-9802308","CreateTime":"20241114 094741497","TDate":"20241114","TT":"0","OT":"1","BS":"S","StockID":"2606","Qoriginal":"1000","Price":"65.4","PriceType":"0","OrderNo":"16796467","Qcurrent":"1000","Qnext":"1000","Qmatched":"0","MatchPrice":"","ConfirmTime":"20241114 094741497","Code":"-8000","State":"96","CodeMsg":"融資庫存不足(後檯)[4385049]","StateMsg":"委託失敗","Source":"e01API","Closed":"N","IsPreOrder":"N","PayType":"","AvgPrice":"0","UpdateTime":"20241114 094741497","CanCancel":"N","CanModify":"N","LastStatus":"11","PromoteBroker":"","Currency":"TWD","Cond":"R","CanHigh":"N"},{"OID":"16795888","AID":"20207-9802308","CreateTime":"20241114 094717411","TDate":"20241114","TT":"0","OT":"1","BS":"S","StockID":"2606","Qoriginal":"1000","Price":"65.4","PriceType":"0","OrderNo":"16795888","Qcurrent":"1000","Qnext":"1000","Qmatched":"0","MatchPrice":"","ConfirmTime":"20241114 094717411","Code":"-8000","State":"96","CodeMsg":"融資庫存不足(後檯)[4385049]","StateMsg":"委託失敗","Source":"e01API","Closed":"N","IsPreOrder":"N","PayType":"","AvgPrice":"0","UpdateTime":"20241114 094717411","CanCancel":"N","CanModify":"N","LastStatus":"11","PromoteBroker":"","Currency":"TWD","Cond":"R","CanHigh":"N"},{"OID":"16794950","AID":"20207-9802308","CreateTime":"20241114 094638154","TDate":"20241114","TT":"0","OT":"1","BS":"S","StockID":"2606","Qoriginal":"1000","Price":"65.4","PriceType":"0","OrderNo":"16794950","Qcurrent":"1000","Qnext":"1000","Qmatched":"0","MatchPrice":"","ConfirmTime":"20241114 094638154","Code":"-8000","State":"96","CodeMsg":"融資庫存不足(後檯)[4385049]","StateMsg":"委託失敗","Source":"e01API","Closed":"N","IsPreOrder":"N","PayType":"","AvgPrice":"0","UpdateTime":"20241114 094638154","CanCancel":"N","CanModify":"N","LastStatus":"11","PromoteBroker":"","Currency":"TWD","Cond":"R","CanHigh":"N"},{"OID":"16792524","AID":"20207-9802308","CreateTime":"20241114 094500723","TDate":"20241114","TT":"0","OT":"1","BS":"B","StockID":"2606","Qoriginal":"1000","Price":"60.2","PriceType":"0","OrderNo":"o9983","Qcurrent":"1000","Qnext":"1000","Qmatched":"1000","MatchPrice":"","ConfirmTime":"20241114 094500723","Code":"","State":"98","CodeMsg":"","StateMsg":"完全成交","Source":"e01API(XQ)","Closed":"N","IsPreOrder":"N","PayType":"","AvgPrice":"60.2","UpdateTime":"20241114 094507583","CanCancel":"N","CanModify":"N","LastStatus":"42","PromoteBroker":"","Currency":"TWD","Cond":"R","CanHigh":"N"},{"OID":"16790464","AID":"20207-9802308","CreateTime":"20241114 094345255","TDate":"20241114","TT":"0","OT":"1","BS":"B","StockID":"2606","Qoriginal":"2000","Price":"60.1","PriceType":"0","OrderNo":"o9863","Qcurrent":"0","Qnext":"0","Qmatched":"0","MatchPrice":"","ConfirmTime":"20241114 094345255","Code":"","State":"99","CodeMsg":"","StateMsg":"已刪除","Source":"e01API(XQ)","Closed":"N","IsPreOrder":"N","PayType":"","AvgPrice":"0","UpdateTime":"20241114 094733010","CanCancel":"N","CanModify":"N","LastStatus":"21","PromoteBroker":"","Currency":"TWD","Cond":"R","CanHigh":"N"}]